tank,grade,treatment,family,length,weight,condition_factor
S1,Medium,Grading,L,19.4,75.54,1.0346
S1,Medium,Grading,A,18.7,67.39,1.03055
S1,Medium,Grading,H,19.4,80.97,1.10897
S1,Medium,Grading,L,20,79.83,0.99788
S1,Medium,Grading,H,18.6,71.66,1.11362
S1,Medium,Grading,P,16.4,39.74,0.90094
S1,Medium,Grading,F,19.7,78.2,1.02284
S1,Medium,Grading,P,17.6,46.76,0.8577
S1,Medium,Grading,C,19.6,86.93,1.15452
S1,Medium,Grading,D,19.1,70.53,1.01222
S1,Medium,Grading,H,20.4,77.23,0.90969
S1,Medium,Grading,I,21.4,89.82,0.9165
S1,Medium,Grading,N,18.5,63.58,1.00417
S1,Medium,Grading,N,17.3,53.98,1.04254
S1,Medium,Grading,A,18.6,65.6,1.01945
S1,Medium,Grading,D,18.5,62.87,0.99295
S1,Medium,Grading,J,19.7,79,1.0333
S1,Medium,Grading,J,19.5,71.35,0.96225
S1,Medium,Grading,P,19.3,62.57,0.87035
S1,Medium,Grading,A,19.4,75.19,1.0298
S1,Medium,Grading,N,18.3,60.72,0.99078
S1,Medium,Grading,D,19.7,79.97,1.04599
S1,Medium,Grading,D,19.2,78.46,1.10852
S1,Medium,Grading,P,16.3,42.37,0.97835
S1,Medium,Grading,C,18.4,65.45,1.05065
S1,Medium,Grading,N,17.6,62.26,1.14201
S1,Medium,Grading,L,18.7,68.81,1.05227
S1,Medium,Grading,J,18.8,67.26,1.01224
S1,Medium,Grading,I,21.2,101.87,1.06915
S1,Medium,Grading,M,20.2,84.05,1.01973
S1,Medium,Grading,P,18,62.25,1.06739
S1,Medium,Grading,I,19.1,75.78,1.08756
S1,Medium,Grading,H,19.2,73.28,1.03534
S1,Medium,Grading,D,20.6,82.36,0.94214
S1,Medium,Grading,K,19.6,73.85,0.9808
S1,Medium,Grading,F,17.6,61.54,1.12881
S1,Medium,Grading,A,20.4,88.51,1.04256
S1,Medium,Grading,E,18.3,64.55,1.05328
S1,Medium,Grading,O,18.6,56.47,0.87756
S1,Medium,Grading,C,17.4,58.99,1.11977
S1,Medium,Grading,A,20,89.18,1.11475
S1,Medium,Grading,D,21,95.68,1.03315
S1,Medium,Grading,F,19.6,86.77,1.1524
S1,Medium,Grading,H,20.1,82.57,1.0168
S1,Medium,Grading,F,19.5,75.85,1.02294
S1,Medium,Grading,G,18.2,64.22,1.06526
S1,Medium,Grading,L,18.7,64.2,0.98177
S1,Medium,Grading,H,18.5,74.8,1.18137
S1,Medium,Grading,P,16.6,43.54,0.95184
S1,Medium,Grading,H,20.6,94.22,1.07781
S1,Medium,Grading,L,19.3,75.48,1.04993
S1,Medium,Grading,F,20.9,96.28,1.05462
S1,Medium,Grading,H,19.7,75.34,0.98543
S1,Medium,Grading,I,19.3,67.47,0.93851
S1,Medium,Grading,O,20.2,82,0.99485
S1,Medium,Grading,P,17.7,50.97,0.91917
S1,Medium,Grading,P,16.5,41.35,0.9205
S1,Medium,Grading,P,18.5,67.47,1.0656
S1,Medium,Grading,E,19.4,77.82,1.06583
S1,Medium,Grading,F,20.4,82.37,0.97024
S1,Medium,Grading,D,18,58.3,0.99966
S1,Medium,Grading,M,20.2,92.02,1.11642
S1,Medium,Grading,I,20,69.7,0.87125
S1,Medium,Grading,E,18.2,57.41,0.9523
S1,Medium,Grading,C,19.5,80.57,1.0866
S1,Medium,Grading,A,21.3,101.59,1.05126
S1,Medium,Grading,J,19.1,70.15,1.00676
S1,Medium,Grading,K,18.6,76.18,1.18386
S1,Medium,Grading,E,18.5,71.29,1.12594
S1,Medium,Grading,E,19.2,71.28,1.00708
S1,Medium,Grading,P,17,43.71,0.88968
S1,Medium,Grading,L,19,67.09,0.97813
S1,Medium,Grading,C,16,44.33,1.08228
S1,Medium,Grading,N,17.7,56.98,1.02755
S1,Medium,Grading,C,18.1,62.46,1.05333
S1,Medium,Grading,E,18,53.25,0.91307
S1,Medium,Grading,E,18.6,63.81,0.99163
S1,Medium,Grading,M,20.3,92.01,1.09988
S1,Medium,Grading,I,23,122.49,1.00674
S1,Medium,Grading,H,21,101.7,1.09815
S1,Medium,Grading,F,20,87.47,1.09338
S1,Medium,Grading,J,19.9,69.27,0.87899
S1,Medium,Grading,A,18.7,71.24,1.08943
S1,Medium,Grading,G,18.2,61.92,1.02711
S1,Medium,Grading,O,18,55.03,0.94359
S1,Medium,Grading,K,19.7,81.51,1.06614
S1,Medium,Grading,D,18.5,59.89,0.94589
S1,Medium,Grading,F,18.8,70.44,1.0601
S1,Medium,Grading,K,18.3,52.51,0.85682
S1,Medium,Grading,M,21,95.05,1.02635
S1,Medium,Grading,K,21,110.79,1.19631
S1,Medium,Grading,N,18.1,57.68,0.97272
S1,Medium,Grading,F,19.6,86.16,1.14429
S1,Medium,Grading,L,17.2,47.26,0.92877
S1,Medium,Grading,I,21.9,112.06,1.06689
S1,Medium,Grading,G,18.4,63.67,1.02207
S1,Medium,Grading,A,19.9,80.96,1.02733
S1,Medium,Grading,A,19.5,77.7,1.04789
S1,Medium,Grading,K,19.7,83.98,1.09844
S1,Medium,Grading,O,18.4,82.68,1.32723
S1,Medium,Grading,I,19.4,72.73,0.99611
S1,Medium,Grading,C,17.9,60.81,1.06027
S1,Medium,Grading,K,16.1,41.2,0.98723
S1,Medium,Grading,J,19.5,76.01,1.0251
S1,Medium,Grading,F,18.3,66.81,1.09015
S1,Medium,Grading,H,18.5,71.46,1.12862
S1,Medium,Grading,J,19,62.83,0.91602
S1,Medium,Grading,D,18.9,63.79,0.94486
S1,Medium,Grading,I,18.8,65.87,0.99132
S1,Medium,Grading,L,16.7,48.37,1.03855
S1,Medium,Grading,K,19.5,78.36,1.05679
S1,Medium,Grading,J,19.5,83.55,1.12679
S1,Medium,Grading,H,18.1,62.8,1.05907
S1,Medium,Grading,A,22,107.68,1.01127
S1,Medium,Grading,H,18.6,83.91,1.30399
S1,Medium,Grading,F,19.4,75.69,1.03665
S1,Medium,Grading,G,13.9,27.36,1.01876
S1,Medium,Grading,A,18.6,68.16,1.05923
S1,Medium,Grading,O,17.7,58.92,1.06253
S1,Medium,Grading,C,18.5,69.21,1.09308
S1,Medium,Grading,P,17.5,50.82,0.94824
S1,Medium,Grading,P,17,79.18,1.61164
S1,Medium,Grading,K,18.5,61.25,0.96737
S1,Medium,Grading,O,19.1,68.05,0.97663
S1,Medium,Grading,K,19.6,75.51,1.00285
S1,Medium,Grading,O,17.7,64.46,1.16244
S1,Medium,Grading,N,17.8,60.52,1.0731
S2,Control,Control,G,18.9,64.19,0.95078
S2,Control,Control,C,18.2,63.27,1.0495
S2,Control,Control,P,20.3,77.79,0.9299
S2,Control,Control,J,19,69.62,1.01502
S2,Control,Control,O,17.9,55.69,0.971
S2,Control,Control,M,19,63.21,0.92156
S2,Control,Control,D,18.7,66.26,1.01327
S2,Control,Control,D,16,41.03,1.00171
S2,Control,Control,H,18.3,60.4,0.98556
S2,Control,Control,K,20.7,86.87,0.9794
S2,Control,Control,H,20,82.93,1.03663
S2,Control,Control,G,20.1,78.18,0.96274
S2,Control,Control,P,9.6,8.58,0.96978
S2,Control,Control,L,19.6,75.42,1.00166
S2,Control,Control,F,17.8,57,1.01068
S2,Control,Control,L,19,68.3,0.99577
S2,Control,Control,J,17.6,55.83,1.02407
S2,Control,Control,F,20,84.44,1.0555
S2,Control,Control,M,18.6,65.2,1.01323
S2,Control,Control,K,20,76.94,0.96175
S2,Control,Control,P,17.1,45.89,0.91776
S2,Control,Control,P,16.6,47.6,1.0406
S2,Control,Control,H,19.4,82.25,1.1265
S2,Control,Control,I,16.6,47.77,1.04431
S2,Control,Control,A,19.3,71.92,1.00041
S2,Control,Control,O,20.9,87.68,0.96042
S2,Control,Control,L,17.5,56.79,1.05964
S2,Control,Control,K,22.7,126.06,1.0777
S2,Control,Control,E,18,58.41,1.00154
S2,Control,Control,L,21.8,78.21,0.75491
S2,Control,Control,E,16.5,42.84,0.95367
S2,Control,Control,C,19,68.02,0.99169
S2,Control,Control,I,20.2,85.8,1.04096
S2,Control,Control,J,18.4,68.18,1.09447
S2,Control,Control,P,17.1,44.17,0.88336
S2,Control,Control,A,18.6,68.74,1.06824
S2,Control,Control,F,17.6,56.79,1.04168
S2,Control,Control,P,18.3,53.88,0.87917
S2,Control,Control,F,18.5,67.53,1.06655
S2,Control,Control,J,19,67.09,0.97813
S2,Control,Control,N,19.4,68.3,0.93544
S2,Control,Control,H,21.8,107.78,1.04032
S2,Control,Control,E,19.1,73.18,1.05025
S2,Control,Control,D,19.3,65.55,0.9118
S2,Control,Control,A,19.6,75.23,0.99913
S2,Control,Control,G,20,77.95,0.97438
S2,Control,Control,I,18.5,56.33,0.88966
S2,Control,Control,A,17.9,57.46,1.00186
S2,Control,Control,L,19.6,80.21,1.06527
S2,Control,Control,P,18.7,61.09,0.93421
S2,Control,Control,M,21.6,94.34,0.93613
S2,Control,Control,K,21,94.41,1.01944
S2,Control,Control,H,19.6,79.41,1.05465
S2,Control,Control,K,19.3,79.15,1.10098
S2,Control,Control,I,21.2,87.57,0.91907
S2,Control,Control,F,18.3,61.77,1.00792
S2,Control,Control,P,16.6,42.56,0.93042
S2,Control,Control,D,17,45.72,0.93059
S2,Control,Control,I,18.1,56.35,0.95029
S2,Control,Control,M,21.4,95.8,0.97752
S2,Control,Control,I,21.4,70.48,0.71916
S2,Control,Control,N,17.4,51.88,0.98481
S2,Control,Control,D,18.4,65.65,1.05386
S2,Control,Control,O,20.3,77.17,0.92249
S2,Control,Control,I,16.7,46.72,1.00312
S2,Control,Control,J,21.1,85.96,0.91506
S2,Control,Control,M,20.3,82.55,0.9868
S2,Control,Control,O,21.2,88.14,0.92505
S2,Control,Control,N,17.3,49.35,0.95312
S2,Control,Control,L,19.3,72.51,1.00862
S2,Control,Control,I,21.2,90.1,0.94562
S2,Control,Control,N,18.7,64.22,0.98208
S2,Control,Control,C,18.3,63.39,1.03435
S2,Control,Control,I,19,66.98,0.97653
S2,Control,Control,H,16.9,47.95,0.99341
S2,Control,Control,O,17.8,56.35,0.99916
S2,Control,Control,L,19.5,71.57,0.96522
S2,Control,Control,I,18.5,56.98,0.89993
S2,Control,Control,P,16.7,46.26,0.99324
S2,Control,Control,F,19.2,81.4,1.15006
S2,Control,Control,I,21.5,92.55,0.93124
S2,Control,Control,O,18.8,62.49,0.94045
S2,Control,Control,A,19,71.66,1.04476
S2,Control,Control,L,19,64.5,0.94037
S2,Control,Control,J,19,69.27,1.00991
S2,Control,Control,A,20,88.5,1.10625
S2,Control,Control,O,21.1,90.75,0.96605
S2,Control,Control,E,16.5,49.86,1.10994
S2,Control,Control,M,19.2,64.41,0.91002
S2,Control,Control,G,20.9,89.72,0.98277
S2,Control,Control,D,18.4,58.06,0.93202
S2,Control,Control,I,18.5,54.61,0.8625
S2,Control,Control,E,19,68.9,1.00452
S2,Control,Control,G,14.7,30.21,0.95104
S2,Control,Control,G,19.6,80.15,1.06447
S2,Control,Control,N,19.5,72.8,0.98181
S2,Control,Control,J,17.7,59.82,1.07876
S2,Control,Control,J,19.2,65.75,0.92895
S2,Control,Control,K,18,71.79,1.23097
S2,Control,Control,L,20.8,82.83,0.92044
S2,Control,Control,N,17.3,57.84,1.11709
S2,Control,Control,N,21.4,85.75,0.87497
S2,Control,Control,F,17,51.56,1.04946
S2,Control,Control,N,20,74.98,0.93725
S2,Control,Control,O,19.6,72.86,0.96766
S2,Control,Control,F,18.6,72.48,1.12637
S2,Control,Control,I,20.3,80.9,0.96708
S2,Control,Control,J,17.2,53.93,1.05985
S2,Control,Control,I,19.3,74.7,1.03908
S2,Control,Control,N,17.5,53.3,0.99452
S2,Control,Control,L,15.3,31.57,0.88146
S2,Control,Control,I,17.4,49.45,0.93868
S2,Control,Control,O,21.2,99.19,1.04102
S2,Control,Control,M,19.7,72.87,0.95313
S2,Control,Control,M,21.5,93.67,0.94251
S2,Control,Control,I,20.2,82.67,1.00298
S2,Control,Control,C,18,63.19,1.0835
S2,Control,Control,P,17.1,48.84,0.97676
S2,Control,Control,E,19,64.46,0.93979
S2,Control,Control,I,17.6,52.84,0.96923
S2,Control,Control,J,16.7,44.18,0.94859
S2,Control,Control,H,17.5,58.77,1.09658
S2,Control,Control,C,17.7,57.14,1.03043
S2,Control,Control,O,19,65.03,0.9481
S2,Control,Control,K,21,95.36,1.02969
S2,Control,Control,L,7.5,5.93,1.40563
S2,Control,Control,N,17.4,60.75,1.15318
S2,Control,Control,N,20.6,86.01,0.98389
S2,Control,Control,C,18.7,67.43,1.03117
S2,Control,Control,H,20,79,0.9875
S2,Control,Control,K,21.1,114.6,1.21994
S2,Control,Control,H,19.8,88.24,1.13676
S2,Control,Control,K,19.6,71.98,0.95597
S2,Control,Control,I,19.5,65.25,0.87999
S2,Control,Control,F,19.8,81.05,1.04414
S2,Control,Control,E,17.5,53.49,0.99806
S2,Control,Control,F,18.1,61.8,1.0422
S2,Control,Control,E,16.5,46.46,1.03425
S2,Control,Control,F,18.6,67.4,1.04742
S2,Control,Control,J,19,66.79,0.97376
S2,Control,Control,I,20.5,74.8,0.86824
S2,Control,Control,H,19.9,80.52,1.02175
S2,Control,Control,A,17.3,54.11,1.04506
S2,Control,Control,C,16,43.74,1.06787
S2,Control,Control,O,18.3,59.5,0.97088
S2,Control,Control,O,19.4,72.21,0.98899
S2,Control,Control,H,20.5,87.1,1.01101
S2,Control,Control,G,21.7,99.43,0.97306
S2,Control,Control,K,22.5,127.29,1.1175
S2,Control,Control,I,21.7,93.09,0.91101
S2,Control,Control,D,18.6,67.08,1.04245
S2,Control,Control,L,18.6,60.31,0.93724
S2,Control,Control,H,19.6,75.14,0.99794
S2,Control,Control,L,20.5,83.85,0.97329
S2,Control,Control,I,19.2,67.44,0.95283
S2,Control,Control,K,21,102.94,1.11154
S2,Control,Control,K,20,74.84,0.9355
S2,Control,Control,G,20.4,80.64,0.94986
S2,Control,Control,M,18.6,61.36,0.95356
S2,Control,Control,H,18.6,61.42,0.95449
S2,Control,Control,H,21,97.51,1.05291
S2,Control,Control,E,17.8,56.97,1.01015
S2,Control,Control,L,19.3,68.59,0.95409
S2,Control,Control,M,21,88.93,0.96026
S2,Control,Control,J,15.7,39.51,1.02096
S2,Control,Control,N,18.1,59.79,1.00831
S2,Control,Control,O,22.6,107.31,0.92964
S2,Control,Control,I,20.4,86.48,1.01865
S2,Control,Control,D,19.1,67.23,0.96486
S2,Control,Control,J,18.3,60.36,0.98491
S2,Control,Control,O,19,66.63,0.97142
S2,Control,Control,F,19.6,78.14,1.03778
S2,Control,Control,N,17.6,50.78,0.93144
S2,Control,Control,D,19.5,73.26,0.98801
S2,Control,Control,J,19.2,65.86,0.9305
S2,Control,Control,J,18.5,67.53,1.06655
S2,Control,Control,G,16.6,46.85,1.0242
S2,Control,Control,O,17.5,50.09,0.93462
S2,Control,Control,M,20.2,82.05,0.99546
S2,Control,Control,P,15.7,35.25,0.91088
S2,Control,Control,I,19.6,75.56,1.00351
S2,Control,Control,O,23.9,135.54,0.99283
S2,Control,Control,D,19.2,63.33,0.89476
S2,Control,Control,D,18,60.09,1.03035
S2,Control,Control,K,17.8,52.27,0.92681
S2,Control,Control,C,18.6,67.87,1.05472
S2,Control,Control,L,20.6,85.19,0.97451
S2,Control,Control,L,18.5,64.68,1.02154
S2,Control,Control,P,17,43.88,0.89314
S2,Control,Control,G,18.2,60.57,1.00472
S2,Control,Control,I,18.5,65.88,1.04049
S2,Control,Control,P,16,39.52,0.96484
S2,Control,Control,C,18.3,66.34,1.08249
S2,Control,Control,K,22.6,143.11,1.23978
S2,Control,Control,G,18.1,59.67,1.00628
S2,Control,Control,N,18.3,58.91,0.96125
S2,Control,Control,H,20.7,94.4,1.06429
S2,Control,Control,N,18,57.16,0.98011
S2,Control,Control,K,19.7,71.37,0.93351
S2,Control,Control,J,19.1,71.36,1.02413
S2,Control,Control,C,20.1,80.55,0.99192
S2,Control,Control,C,17,50.36,1.02504
S2,Control,Control,E,19.3,74.49,1.03616
S2,Control,Control,E,16.5,44.41,0.98862
S2,Control,Control,C,18,64.8,1.11111
S2,Control,Control,F,19,71.45,1.0417
S2,Control,Control,H,21.3,87.65,0.90701
S2,Control,Control,F,16.5,47.18,1.05028
S2,Control,Control,M,18.2,64.18,1.0646
S2,Control,Control,K,18.9,70.45,1.04351
S2,Control,Control,I,18.3,63.44,1.03517
S2,Control,Control,P,17.5,52.8,0.98519
S2,Control,Control,E,18.5,58.51,0.92409
S2,Control,Control,J,17.5,52.08,0.97176
S2,Control,Control,K,22,99.86,0.93783
S2,Control,Control,P,19.8,66.38,0.85515
S2,Control,Control,P,17,50.19,1.02158
S2,Control,Control,M,21.8,94.62,0.9133
S2,Control,Control,O,18.6,70.07,1.08891
S2,Control,Control,K,22,109.13,1.02489
S2,Control,Control,F,20.4,85.24,1.00404
S2,Control,Control,N,19.2,65.23,0.9216
S2,Control,Control,L,18.9,66.67,0.98752
S2,Control,Control,I,19.4,74.13,1.01529
S2,Control,Control,M,19.1,73.4,1.05341
S2,Control,Control,D,19,70.18,1.02318
S2,Control,Control,L,19.3,63.69,0.88593
S2,Control,Control,I,21,81.47,0.87971
S2,Control,Control,I,19,59.47,0.86704
S2,Control,Control,F,17.5,58.68,1.0949
S2,Control,Control,O,18,55.33,0.94873
S2,Control,Control,F,19.1,76.16,1.09302
S2,Control,Control,N,20,73.42,0.91775
S2,Control,Control,J,17.1,57.4,1.14795
S2,Control,Control,F,19.2,71.18,1.00567
S2,Control,Control,I,18.1,54.66,0.92179
S2,Control,Control,K,19.7,80.93,1.05855
S2,Control,Control,O,21.5,101.34,1.01968
S2,Control,Control,P,15.1,35.76,1.03864
S2,Control,Control,C,18,62.09,1.06464
S2,Control,Control,H,20.4,85.11,1.00251
S2,Control,Control,F,21.9,114.32,1.0884
S2,Control,Control,G,18.6,66.05,1.02644
S2,Control,Control,F,17.9,60.44,1.05382
S2,Control,Control,M,19.5,70.4,0.94944
S2,Control,Control,H,21.1,95.75,1.01928
S2,Control,Control,A,21,95.25,1.02851
S2,Control,Control,J,17.5,48.79,0.91037
S2,Control,Control,C,18.1,58.18,0.98116
S2,Control,Control,K,19.7,75.23,0.98399
S2,Control,Control,C,17.4,53.67,1.01879
S2,Control,Control,M,18.6,60.97,0.9475
S2,Control,Control,J,20.3,86.54,1.0345
S2,Control,Control,A,17.9,54.48,0.9499
S2,Control,Control,P,18.1,54.86,0.92517
S2,Control,Control,M,19.3,75.02,1.04353
S2,Control,Control,I,19.4,62.44,0.85518
S2,Control,Control,J,17.6,56.68,1.03966
S2,Control,Control,A,19.5,72.08,0.9721
S2,Control,Control,D,18.4,55.82,0.89606
S2,Control,Control,G,19.4,70.8,0.96968
S2,Control,Control,K,18.3,59.71,0.9743
S2,Control,Control,N,18.5,58.59,0.92535
S2,Control,Control,K,19.2,70.23,0.99225
S2,Control,Control,P,16.7,42.57,0.91402
S2,Control,Control,L,19.6,73.77,0.97974
S2,Control,Control,P,19.2,65.27,0.92217
S2,Control,Control,H,20.4,91.91,1.08261
S2,Control,Control,P,19.6,69.79,0.92688
S2,Control,Control,P,17.2,44.92,0.88278
S2,Control,Control,J,16.4,47.03,1.06621
S2,Control,Control,I,19.5,64.46,0.86933
S2,Control,Control,M,22,102.81,0.96553
S2,Control,Control,J,17.9,61.27,1.06829
S2,Control,Control,I,22.5,120.42,1.05719
S2,Control,Control,N,20.1,82.47,1.01557
S2,Control,Control,O,20.4,86.32,1.01677
S2,Control,Control,L,18.2,56,0.92891
S2,Control,Control,K,19.5,71.89,0.96954
S2,Control,Control,N,19,62.03,0.90436
S2,Control,Control,O,19.1,71.4,1.0247
S2,Control,Control,I,17.8,54.87,0.97292
S2,Control,Control,N,18.9,63.85,0.94575
S2,Control,Control,O,19.5,70.46,0.95025
S2,Control,Control,D,18.2,56.47,0.93671
S2,Control,Control,H,19.6,69.96,0.92914
S2,Control,Control,H,21.4,101.91,1.03986
S2,Control,Control,E,17.9,58.7,1.02348
S2,Control,Control,K,18.5,60.63,0.95757
S2,Control,Control,D,17.7,53.89,0.97183
S2,Control,Control,L,18.5,62.29,0.98379
S2,Control,Control,E,18.9,70.22,1.0401
S2,Control,Control,H,16.8,48.32,1.01906
S2,Control,Control,N,16.5,43.32,0.96435
S2,Control,Control,I,17.6,51.54,0.94538
S2,Control,Control,D,19.6,69.35,0.92104
S2,Control,Control,J,16,42.8,1.04492
S4,Control,Control,O,20.3,82.72,0.98883
S4,Control,Control,F,19.2,71.64,1.01217
S4,Control,Control,P,19.5,66.81,0.90103
S4,Control,Control,D,20.3,76.87,0.9189
S4,Control,Control,D,20.8,96.33,1.07046
S4,Control,Control,E,19,73.53,1.07202
S4,Control,Control,D,20.5,91.55,1.06267
S4,Control,Control,O,19.6,71.06,0.94375
S4,Control,Control,F,18.6,65.6,1.01945
S4,Control,Control,P,16.9,47.2,0.97787
S4,Control,Control,C,17.3,54.3,1.04872
S4,Control,Control,G,19.8,79.7,1.02675
S4,Control,Control,I,19,74.41,1.08485
S4,Control,Control,C,17.3,52.02,1.00469
S4,Control,Control,O,21.2,99.63,1.04564
S4,Control,Control,J,16.3,49.02,1.13191
S4,Control,Control,L,19,71.34,1.04009
S4,Control,Control,P,17.4,48.79,0.92615
S4,Control,Control,D,20.2,79.45,0.96392
S4,Control,Control,K,11.8,78.88,4.80088
S4,Control,Control,K,23,132.9,1.0923
S4,Control,Control,C,19.1,77.1,1.10651
S4,Control,Control,J,19.5,66.6,0.89819
S4,Control,Control,A,18.5,69.99,1.1054
S4,Control,Control,K,22.6,121.78,1.055
S4,Control,Control,L,20.4,90.4,1.06482
S4,Control,Control,K,22,100,0.93914
S4,Control,Control,L,20,77.74,0.97175
S4,Control,Control,O,19.1,71.27,1.02284
S4,Control,Control,O,19,63.68,0.92842
S4,Control,Control,G,19.2,68.11,0.96229
S4,Control,Control,D,18.7,65.5,1.00165
S4,Control,Control,N,19.5,74.9,1.01013
S4,Control,Control,A,19.1,73.2,1.05054
S4,Control,Control,A,19.8,82.68,1.06514
S4,Control,Control,N,18.2,60.76,1.00787
S4,Control,Control,D,19.3,63.94,0.88941
S4,Control,Control,K,23.5,140.2,1.0803
S4,Control,Control,M,20.7,84.84,0.95651
S4,Control,Control,N,18.8,62.82,0.94542
S4,Control,Control,A,18.7,68.06,1.0408
S4,Control,Control,G,22.3,118.75,1.07083
S4,Control,Control,J,18.6,73.9,1.14843
S4,Control,Control,D,18.8,58,0.87288
S4,Control,Control,J,22,134.9,1.2669
S4,Control,Control,L,19,64.6,0.94183
S4,Control,Control,K,20.6,105.1,1.20227
S4,Control,Control,P,17.3,52.24,1.00894
S4,Control,Control,N,17.5,52.75,0.98426
S4,Control,Control,H,20.1,87.84,1.08169
S4,Control,Control,J,19.3,75.91,1.05591
S4,Control,Control,C,18.6,71.86,1.11673
S4,Control,Control,P,18.1,56.86,0.9589
S4,Control,Control,J,19.5,74.24,1.00123
S4,Control,Control,F,19.2,73.9,1.0441
S4,Control,Control,P,17.6,57.9,1.06204
S4,Control,Control,K,12.2,20.6,1.13446
S4,Control,Control,F,20.2,79.1,0.95967
S4,Control,Control,H,21.3,107.52,1.11263
S4,Control,Control,N,18.3,57.55,0.93906
S4,Control,Control,F,18.6,68.09,1.05814
S4,Control,Control,O,20.6,87.85,1.00494
S4,Control,Control,K,20.4,96.14,1.13244
S4,Control,Control,L,21.1,93.92,0.99979
S4,Control,Control,A,20.6,97.02,1.10984
S4,Control,Control,I,19.4,72.1,0.98748
S4,Control,Control,P,19.1,71,1.01896
S4,Control,Control,P,17.9,50.5,0.88051
S4,Control,Control,K,19.9,88.2,1.1192
S4,Control,Control,H,20.2,85.86,1.04169
S4,Control,Control,E,17.7,55.87,1.00753
S4,Control,Control,H,20.3,95.2,1.13802
S4,Control,Control,P,16.6,42.52,0.92954
S4,Control,Control,C,17,51.47,1.04763
S4,Control,Control,H,20.5,89.03,1.03342
S4,Control,Control,K,20.2,91.68,1.1123
S4,Control,Control,J,18.6,59.1,0.91844
S4,Control,Control,P,17.6,58.2,1.06754
S4,Control,Control,K,20,82.9,1.03625
S4,Control,Control,J,17.6,58.6,1.07488
S4,Control,Control,I,20.5,89.45,1.03829
S4,Control,Control,A,21,111.35,1.20235
S4,Control,Control,J,18.4,66.1,1.06108
S4,Control,Control,F,20.6,99.1,1.13363
S4,Control,Control,G,18.3,62.79,1.02456
S4,Control,Control,J,21,92.56,0.99946
S4,Control,Control,I,19.6,80.52,1.06939
S4,Control,Control,P,18,52.62,0.90226
S4,Control,Control,P,17.8,54.4,0.96458
S4,Control,Control,D,21.2,93.8,0.98445
S4,Control,Control,A,19.4,77.3,1.0587
S4,Control,Control,O,21.6,95.9,0.95161
S4,Control,Control,F,19.6,79.5,1.05584
S4,Control,Control,I,18,52.9,0.90706
S4,Control,Control,P,19.4,59.2,0.81081
S4,Control,Control,N,18.6,66.7,1.03654
S4,Control,Control,H,20.3,98.1,1.17268
S4,Control,Control,F,20.1,87.6,1.07874
S4,Control,Control,P,19.3,69.7,0.96953
S4,Control,Control,H,18.1,58,0.97812
S4,Control,Control,J,18.5,70.8,1.1182
S4,Control,Control,A,20.6,95.3,1.09016
S4,Control,Control,H,19.9,71.2,0.90348
S4,Control,Control,K,19.5,73.6,0.9926
S4,Control,Control,F,20.8,98.9,1.09902
S4,Control,Control,I,19.5,66.5,0.89685
S4,Control,Control,J,19.9,74.7,0.9479
S4,Control,Control,P,18.3,64.8,1.05736
S4,Control,Control,M,19.1,71.6,1.02757
S4,Control,Control,E,16.7,50.4,1.08213
S4,Control,Control,M,20,79.3,0.99125
S4,Control,Control,E,19.3,68.3,0.95006
S4,Control,Control,E,17.4,50,0.94912
S4,Control,Control,J,18.8,70.6,1.06251
S4,Control,Control,M,20.4,92.1,1.08485
S4,Control,Control,M,20.7,85.1,0.95944
S4,Control,Control,A,19.5,73.7,0.99395
S4,Control,Control,O,19.1,69.9,1.00318
S4,Control,Control,E,18.5,57.2,0.9034
S4,Control,Control,J,19.7,77,1.00715
S4,Control,Control,K,18.7,76.6,1.1714
S4,Control,Control,D,18.8,61.6,0.92706
S4,Control,Control,I,21.8,100.4,0.96909
S4,Control,Control,A,19.4,82.3,1.12718
S4,Control,Control,I,21.4,96.1,0.98058
S4,Control,Control,A,22.8,132.1,1.11455
S4,Control,Control,L,20.4,87.4,1.02949
S4,Control,Control,A,17.4,49.8,0.94533
S4,Control,Control,L,17.4,53.7,1.01936
S4,Control,Control,K,18.7,67.7,1.03529
S4,Control,Control,I,23,125,1.02737
S4,Control,Control,E,18.4,61,0.97921
S4,Control,Control,J,19.5,68.5,0.92382
S4,Control,Control,P,14.4,31.4,1.05158
S4,Control,Control,C,21.5,103.2,1.0384
S4,Control,Control,F,21,99.7,1.07656
S4,Control,Control,F,20.4,88.6,1.04362
S4,Control,Control,D,18.8,61.6,0.92706
S4,Control,Control,N,19,62.9,0.91704
S4,Control,Control,P,18.3,56.8,0.92682
S4,Control,Control,O,20.2,79.1,0.95967
S4,Control,Control,J,19.5,75.5,1.01822
S4,Control,Control,K,21.9,112.9,1.07488
S4,Control,Control,H,20.1,97.9,1.20558
S4,Control,Control,D,19.9,75.6,0.95932
S4,Control,Control,L,13,22.1,1.00592
S4,Control,Control,N,15.9,42,1.04486
S4,Control,Control,N,18.2,64,1.06161
S4,Control,Control,K,21.7,108.9,1.06573
S4,Control,Control,P,18.9,65.5,0.97019
S4,Control,Control,K,20.5,87.3,1.01333
S4,Control,Control,I,19.5,72.7,0.98046
S4,Control,Control,K,19.2,73.8,1.04268
S4,Control,Control,F,18.7,62.9,0.96189
S4,Control,Control,H,20.4,101.2,1.19204
S4,Control,Control,H,20.5,88,1.02146
S4,Control,Control,I,20.7,81.3,0.9166
S4,Control,Control,N,19.4,72.8,0.99707
S4,Control,Control,H,20.5,87.4,1.01449
S4,Control,Control,M,19.9,74.9,0.95044
S4,Control,Control,I,20.8,94.4,1.04902
S4,Control,Control,H,23.7,152.6,1.14633
S4,Control,Control,D,19,62.7,0.91413
S4,Control,Control,C,19.1,76.9,1.10364
S4,Control,Control,F,19.8,75.7,0.97521
S4,Control,Control,F,20,65.8,0.8225
S4,Control,Control,N,16.9,48.3,1.00066
S4,Control,Control,D,20,71.8,0.8975
S4,Control,Control,O,18.7,62.8,0.96036
S4,Control,Control,N,18.5,62.4,0.98553
S4,Control,Control,G,19.1,73.4,1.05341
S4,Control,Control,G,21.4,98.7,1.00711
S4,Control,Control,O,20.3,91.1,1.08901
S4,Control,Control,H,20.6,96.8,1.10732
S4,Control,Control,C,18.7,71.1,1.08729
S4,Control,Control,I,19.2,71.5,1.01019
S4,Control,Control,D,21.3,96.5,0.99859
S4,Control,Control,J,18.4,64.6,1.037
S4,Control,Control,H,20,81.6,1.02
S4,Control,Control,C,20.9,96.9,1.06141
S4,Control,Control,N,19.6,83.5,1.10897
S4,Control,Control,C,20.6,96.9,1.10847
S4,Control,Control,L,19,70.1,1.02201
S4,Control,Control,E,19.1,71.4,1.0247
S4,Control,Control,P,19.1,65.1,0.93429
S4,Control,Control,F,17.6,57.1,1.04737
S4,Control,Control,F,17.9,62.4,1.08799
S4,Control,Control,E,18,62.1,1.06481
S4,Control,Control,L,20.1,69.5,0.85585
S4,Control,Control,C,19.6,84.6,1.12358
S4,Control,Control,C,19,78.8,1.14886
S4,Control,Control,I,21.6,101.6,1.00817
S4,Control,Control,O,19.9,87.6,1.11159
S4,Control,Control,C,17.9,65.9,1.14902
S4,Control,Control,H,19.3,69.7,0.96953
S4,Control,Control,H,21,99.3,1.07224
S4,Control,Control,K,18.6,65,1.01012
S4,Control,Control,I,19.3,76.1,1.05855
S4,Control,Control,O,18,54.5,0.9345
S4,Control,Control,L,16.4,46,1.04286
S4,Control,Control,N,20,77.4,0.9675
S4,Control,Control,O,20.5,84.7,0.98315
S4,Control,Control,G,20.1,86.2,1.0615
S4,Control,Control,I,21.6,111.9,1.11037
S4,Control,Control,O,21.3,95.9,0.99238
S4,Control,Control,D,20,70.4,0.88
S4,Control,Control,I,21.6,102.3,1.01511
S4,Control,Control,I,22.6,97.1,0.84119
S4,Control,Control,M,21,90.9,0.98154
S4,Control,Control,G,20.3,87.1,1.04119
S4,Control,Control,E,18.5,61.3,0.96816
S4,Control,Control,G,21.5,97.4,0.98004
S4,Control,Control,K,19.5,83.7,1.12881
S4,Control,Control,E,18,59.2,1.01509
S4,Control,Control,L,19.5,77.3,1.0425
S4,Control,Control,A,20.4,90.5,1.066
S4,Control,Control,O,19.4,69.9,0.95735
S4,Control,Control,P,15.1,35.7,1.0369
S4,Control,Control,I,21.7,94,0.91992
S4,Control,Control,N,18.2,68,1.12796
S4,Control,Control,N,18.5,60.3,0.95236
S4,Control,Control,L,18.6,59.9,0.93087
S4,Control,Control,E,17.7,52.9,0.95397
S4,Control,Control,E,19.8,84,1.08214
S4,Control,Control,E,18.4,68.7,1.10282
S4,Control,Control,P,19.5,71.6,0.96563
S4,Control,Control,G,20.1,85.5,1.05288
S4,Control,Control,O,19.6,74.3,0.98678
S4,Control,Control,L,19.3,69,0.95979
S4,Control,Control,A,19,68.8,1.00306
S4,Control,Control,K,20,80.2,1.0025
S4,Control,Control,I,22,99,0.92975
S4,Control,Control,F,21.3,101,1.04516
S4,Control,Control,N,18.5,63.3,0.99974
S4,Control,Control,M,21.3,103,1.06586
S4,Control,Control,G,18.4,69.5,1.11566
S4,Control,Control,E,18.7,66.4,1.01541
S4,Control,Control,G,16,42.9,1.04736
S4,Control,Control,E,18.7,68.5,1.04753
S4,Control,Control,L,20.9,88.6,0.9705
S4,Control,Control,N,17.5,54.4,1.01504
S4,Control,Control,E,18.8,66.8,1.00532
S4,Control,Control,C,20.4,95.5,1.1249
S4,Control,Control,I,20.2,89.4,1.08463
S4,Control,Control,J,18.4,54.9,0.88129
S4,Control,Control,A,19.3,76.7,1.0669
S4,Control,Control,J,18.7,74,1.13164
S4,Control,Control,N,20,85.9,1.07375
S4,Control,Control,O,19.1,66.6,0.95582
S4,Control,Control,O,21,87.1,0.9405
S4,Control,Control,P,16.6,43,0.94004
S4,Control,Control,N,19.4,71.1,0.97379
S4,Control,Control,M,18.5,61.5,0.97131
S4,Control,Control,H,20.9,99.7,1.09208
S4,Control,Control,N,18.7,64.8,0.99095
S4,Control,Control,E,18.4,70.7,1.13492
S4,Control,Control,E,18.5,63.8,1.00764
S4,Control,Control,O,21.6,83.7,0.83055
S4,Control,Control,G,20,87.4,1.0925
S4,Control,Control,K,20.4,90.7,1.06836
S4,Control,Control,I,22.5,95.6,0.83929
S4,Control,Control,A,21.2,99.3,1.04218
S4,Control,Control,O,22.4,112.6,1.00183
S4,Control,Control,O,18.2,57.4,0.95213
S4,Control,Control,A,20.2,74.3,0.90144
S4,Control,Control,H,23.3,140.2,1.10836
S4,Control,Control,L,19.4,68.8,0.94229
S4,Control,Control,L,20.5,78.2,0.90771
S4,Control,Control,E,17.6,61.5,1.12807
S4,Control,Control,D,20.6,87.1,0.99636
S4,Control,Control,H,22,103.9,0.97577
S4,Control,Control,M,19.1,66,0.9472
S4,Control,Control,P,18,61.5,1.05453
S4,Control,Control,F,20.6,82.1,0.93916
S4,Control,Control,M,20.3,93.8,1.12128
S4,Control,Control,H,20.4,85.5,1.00711
S4,Control,Control,C,22.1,125.2,1.15992
S4,Control,Control,L,19.4,77.4,1.06007
S4,Control,Control,N,18.4,59,0.94711
S4,Control,Control,G,20.8,86.8,0.96456
S4,Control,Control,E,13,28.6,1.30178
S4,Control,Control,C,20.3,90.5,1.08183
S4,Control,Control,D,19.6,66.9,0.8885
S4,Control,Control,K,21,105.7,1.14135
S4,Control,Control,D,22,110.9,1.04151
S4,Control,Control,P,16.6,46.4,1.01436
S4,Control,Control,H,21.3,97.3,1.00687
S4,Control,Control,P,18.3,53.1,0.86645
S4,Control,Control,I,22.6,102.4,0.8871
S4,Control,Control,F,19.4,73.7,1.0094
S4,Control,Control,C,19.5,81.8,1.10319
S4,Control,Control,M,15,34.2,1.01333
S4,Control,Control,P,19.6,75.4,1.00139
S4,Control,Control,I,20.5,77.2,0.8961
S4,Control,Control,F,19.7,86.4,1.1301
S4,Control,Control,F,19.5,79,1.06543
S4,Control,Control,J,18.9,65.9,0.97611
S4,Control,Control,O,19.3,72.1,1.00291
S4,Control,Control,A,21,99.9,1.07872
S4,Control,Control,N,18.1,54.7,0.92247
S4,Control,Control,K,21,106.3,1.14782
S4,Control,Control,K,22.5,106.9,0.93849
S4,Control,Control,D,20.2,79.2,0.96088
S4,Control,Control,N,17.5,55.9,1.04303
S4,Control,Control,D,18.5,60.9,0.96184
S4,Control,Control,N,20,79.2,0.99
S4,Control,Control,D,22.1,114.2,1.05801
S4,Control,Control,D,21,92.6,0.99989
S4,Control,Control,G,16.4,41.2,0.93404
S4,Control,Control,E,18.5,64.1,1.01238
S4,Control,Control,A,21.5,109.5,1.10179
S4,Control,Control,G,20,90.3,1.12875
S4,Control,Control,J,18.4,60.1,0.96476
S4,Control,Control,L,18.2,97.6,1.61896
S4,Control,Control,J,18.2,58.4,0.96872
S4,Control,Control,O,19.4,69.1,0.9464
S4,Control,Control,D,19.4,69.9,0.95735
S4,Control,Control,H,18.6,67,1.0412
S6,Medium,Grading,A,19.7,82,1.07254
S6,Medium,Grading,L,18,55.02,0.94342
S6,Medium,Grading,O,20.1,92.2,1.13538
S6,Medium,Grading,D,19,75.5,1.10074
S6,Medium,Grading,L,19,60.5,0.88205
S6,Medium,Grading,K,18.6,69.9,1.08627
S6,Medium,Grading,F,17.9,62.3,1.08625
S6,Medium,Grading,A,19.7,80.2,1.049
S6,Medium,Grading,C,17.5,59.3,1.10647
S6,Medium,Grading,O,20.5,85.6,0.9936
S6,Medium,Grading,I,17.6,57.6,1.05654
S6,Medium,Grading,P,18,58.9,1.00995
S6,Medium,Grading,O,20,85.5,1.06875
S6,Medium,Grading,N,19.1,75,1.07637
S6,Medium,Grading,J,20,84.7,1.05875
S6,Medium,Grading,F,21.1,104,1.1071
S6,Medium,Grading,O,21.5,101.1,1.01727
S6,Medium,Grading,C,17.8,57.6,1.02132
S6,Medium,Grading,L,20.3,86.4,1.03282
S6,Medium,Grading,I,21.4,101.2,1.03262
S6,Medium,Grading,I,17.6,56.2,1.03086
S6,Medium,Grading,A,19.4,73.4,1.00529
S6,Medium,Grading,O,17,46.8,0.95257
S6,Medium,Grading,A,19.8,75.2,0.96877
S6,Medium,Grading,F,19.4,76.3,1.04501
S6,Medium,Grading,A,20.1,87.6,1.07874
S6,Medium,Grading,K,20.2,92,1.11618
S6,Medium,Grading,O,20,86.3,1.07875
S6,Medium,Grading,L,20.6,83.3,0.95289
S6,Medium,Grading,P,18.6,60.5,0.94019
S6,Medium,Grading,J,19.4,75.4,1.03268
S6,Medium,Grading,M,20.3,80.6,0.96349
S6,Medium,Grading,M,19.4,74.5,1.02035
S6,Medium,Grading,P,19,67.5,0.98411
S6,Medium,Grading,P,16.7,46.2,0.99196
S6,Medium,Grading,D,20.1,84.5,1.04056
S6,Medium,Grading,K,19.8,79.4,1.02288
S6,Medium,Grading,K,21.3,99.3,1.02757
S6,Medium,Grading,L,19.7,74.9,0.97968
S6,Medium,Grading,A,17.6,57.9,1.06204
S6,Medium,Grading,H,21.9,125.3,1.19294
S6,Medium,Grading,P,17.1,50.5,1.00996
S6,Medium,Grading,M,19.7,80.2,1.049
S6,Medium,Grading,P,17.7,56.8,1.0243
S6,Medium,Grading,E,19.3,73.6,1.02378
S6,Medium,Grading,H,18.8,71.4,1.07455
S6,Medium,Grading,I,20.5,96.4,1.11896
S6,Medium,Grading,J,19.2,71.4,1.00878
S6,Medium,Grading,D,18.3,61.4,1.00188
S6,Medium,Grading,J,20,87.6,1.095
S6,Medium,Grading,D,19.5,76,1.02497
S6,Medium,Grading,A,19.3,74.1,1.03073
S6,Medium,Grading,D,20.4,89.7,1.05658
S6,Medium,Grading,O,18.5,58.5,0.92393
S6,Medium,Grading,F,19.3,80.3,1.11698
S6,Medium,Grading,H,21.5,116,1.16719
S6,Medium,Grading,D,20.1,89.3,1.09967
S6,Medium,Grading,F,20,79.8,0.9975
S6,Medium,Grading,C,19,69.7,1.01618
S6,Medium,Grading,O,19.4,72.4,0.99159
S6,Medium,Grading,P,18.4,59.1,0.94871
S6,Medium,Grading,K,17.6,55.1,1.01068
S6,Medium,Grading,K,19,68.8,1.00306
S6,Medium,Grading,F,17.3,55.5,1.0719
S6,Medium,Grading,K,20.1,90,1.10829
S6,Medium,Grading,J,18.9,67.9,1.00574
S6,Medium,Grading,N,17.1,54.8,1.09595
S6,Medium,Grading,J,18.4,60.7,0.9744
S6,Medium,Grading,E,20,84.1,1.05125
S6,Medium,Grading,M,19.9,77.6,0.9847
S6,Medium,Grading,P,19,65.8,0.95932
S6,Medium,Grading,E,19.7,68.8,0.89989
S6,Medium,Grading,O,21.6,116.3,1.15403
S6,Medium,Grading,L,19.1,71.1,1.0204
S6,Medium,Grading,E,19.5,78.8,1.06273
S6,Medium,Grading,I,19.1,67.1,0.96299
S6,Medium,Grading,G,19.2,76,1.07377
S6,Medium,Grading,C,17.4,54.6,1.03644
S6,Medium,Grading,K,18.9,75.9,1.12423
S6,Medium,Grading,M,18.3,61.4,1.00188
S6,Medium,Grading,H,20,86.3,1.07875
S6,Medium,Grading,F,18,64.6,1.10768
S6,Medium,Grading,H,20.4,85.7,1.00946
S6,Medium,Grading,I,18.2,65.6,1.08815
S6,Medium,Grading,I,18.4,67.5,1.08355
S6,Medium,Grading,E,19.5,76.7,1.03441
S6,Medium,Grading,H,19.2,78.5,1.10909
S6,Medium,Grading,I,21.8,105.6,1.01928
S6,Medium,Grading,E,18.7,69.1,1.0567
S6,Medium,Grading,A,18.7,64.1,0.98024
S6,Medium,Grading,N,18.5,64.3,1.01554
S6,Medium,Grading,A,19.3,74.2,1.03212
S6,Medium,Grading,D,18.6,64.2,0.99769
S6,Medium,Grading,J,19.1,67.5,0.96873
S6,Medium,Grading,O,19,74,1.07887
S6,Medium,Grading,E,19.9,79.2,1.005
S6,Medium,Grading,P,18.2,57.2,0.94882
S6,Medium,Grading,O,19.4,71.9,0.98474
S6,Medium,Grading,E,17,52.6,1.07063
S6,Medium,Grading,I,19.3,70.3,0.97788
S6,Medium,Grading,A,20.3,91.4,1.09259
S6,Medium,Grading,F,19.7,79,1.0333
S6,Medium,Grading,C,18.4,63.4,1.01774
S6,Medium,Grading,F,19.5,79.8,1.07622
S6,Medium,Grading,F,19.2,74.6,1.05399
S6,Medium,Grading,K,19,81.7,1.19114
S6,Medium,Grading,E,18,58.1,0.99623
S6,Medium,Grading,L,18.6,60.1,0.93398
S6,Medium,Grading,I,19.1,70.9,1.01753
S6,Medium,Grading,E,19,70.6,1.0293
S6,Medium,Grading,J,17.9,54.9,0.95722
S6,Medium,Grading,O,18.3,64.8,1.05736
S6,Medium,Grading,F,19.6,79.8,1.05983
S6,Medium,Grading,H,19.3,70.8,0.98483
S6,Medium,Grading,L,18.7,66.8,1.02153
S6,Medium,Grading,P,17.7,53.9,0.97201
S6,Medium,Grading,J,19.8,77.5,0.9984
S6,Medium,Grading,A,21.3,98.4,1.01825
S6,Medium,Grading,F,19.9,77.6,0.9847
S6,Medium,Grading,I,21.6,100.1,0.99328
S6,Medium,Grading,C,18,63,1.08025
S6,Medium,Grading,D,18,60.1,1.03052
S6,Medium,Grading,A,18.5,64.8,1.02343
S6,Medium,Grading,N,17.7,57,1.02791
S6,Medium,Grading,J,19.8,76.5,0.98552
S6,Medium,Grading,K,19.3,71.8,0.99874
S6,Medium,Grading,J,18.5,65.1,1.02817
S6,Medium,Grading,O,17.4,50.8,0.96431
S6,Medium,Grading,M,19.2,72.5,1.02432
S6,Medium,Grading,H,18.6,70.6,1.09715
S6,Medium,Grading,H,18.6,66.9,1.03965
S6,Medium,Grading,J,19,68.5,0.99869
S6,Medium,Grading,K,17.7,54.2,0.97742
S6,Medium,Grading,A,18.6,67.4,1.04742
S6,Medium,Grading,H,20.2,78.8,0.95603
S6,Medium,Grading,E,19.7,80.8,1.05685
S6,Medium,Grading,K,19,63,0.9185
S6,Medium,Grading,K,20.5,87.9,1.0203
S6,Medium,Grading,K,18.5,69.5,1.09766
S6,Medium,Grading,F,18.4,68.4,1.098
S6,Medium,Grading,K,17.5,52.3,0.97586
S6,Medium,Grading,K,19.6,73.3,0.9735
S6,Medium,Grading,G,19.8,80.1,1.0319
S6,Medium,Grading,P,19,62.1,0.90538
S6,Medium,Grading,O,18.3,62,1.01167
S6,Medium,Grading,E,16.9,74.4,1.54139
S6,Medium,Grading,D,18.5,64,1.0108
S6,Medium,Grading,D,18.9,64.9,0.9613
S6,Medium,Grading,D,18,63,1.08025
S7,Small,Grading,I,19.3,73.2,1.01821
S7,Small,Grading,P,17.9,55.2,0.96245
S7,Small,Grading,L,18.4,67.8,1.08837
S7,Small,Grading,J,18,69.3,1.18827
S7,Small,Grading,H,17.5,49.6,0.92548
S7,Small,Grading,P,18,57.4,0.98422
S7,Small,Grading,C,17.7,61.9,1.11627
S7,Small,Grading,E,18.5,74.8,1.18137
S7,Small,Grading,F,17.3,57.4,1.1086
S7,Small,Grading,L,18.9,69.8,1.03388
S7,Small,Grading,E,17.6,56.7,1.04003
S7,Small,Grading,E,18.1,62.6,1.0557
S7,Small,Grading,I,17.2,54.8,1.07695
S7,Small,Grading,I,16.6,53.1,1.16083
S7,Small,Grading,K,18.5,68.5,1.08187
S7,Small,Grading,J,16.8,51.7,1.09034
S7,Small,Grading,J,18,62.2,1.06653
S7,Small,Grading,P,14.2,35.5,1.23983
S7,Small,Grading,K,18.1,66.8,1.12652
S7,Small,Grading,A,20.3,96.3,1.15117
S7,Small,Grading,I,15.4,41.7,1.14176
S7,Small,Grading,E,17.2,51.5,1.0121
S7,Small,Grading,E,19,75.5,1.10074
S7,Small,Grading,J,19.4,79.4,1.08747
S7,Small,Grading,J,18.6,72.1,1.12046
S7,Small,Grading,J,18.9,65.9,0.97611
S7,Small,Grading,H,19.5,88.1,1.18815
S7,Small,Grading,A,18.5,57.4,0.90656
S7,Small,Grading,D,10.9,11.7,0.90345
S7,Small,Grading,P,18.1,50.8,0.8567
S7,Small,Grading,G,18.4,61.9,0.99366
S7,Small,Grading,J,19,72,1.04972
S7,Small,Grading,P,19.2,76.9,1.08648
S7,Small,Grading,J,19.1,79.8,1.14526
S7,Small,Grading,J,11,12.2,0.9166
S7,Small,Grading,F,20.2,102.3,1.24114
S7,Small,Grading,L,18,65.2,1.11797
S7,Small,Grading,F,18.2,60.9,1.01019
S7,Small,Grading,A,19.3,85.3,1.18653
S7,Small,Grading,C,17.7,58.7,1.05857
S7,Small,Grading,P,18,58.9,1.00995
S7,Small,Grading,F,18,63.6,1.09053
S7,Small,Grading,P,18.7,64.2,0.98177
U4,Small,Grading,J,19.2,76.8,1.08507
U4,Small,Grading,N,19.4,75.2,1.02994
U4,Small,Grading,J,18.4,70.3,1.1285
U4,Small,Grading,F,18.5,59.6,0.94131
U4,Small,Grading,E,18.7,58.3,0.89155
U4,Small,Grading,H,17.8,55.7,0.98763
U4,Small,Grading,P,19.4,66.5,0.91079
U4,Small,Grading,C,17.6,61.3,1.1244
U4,Small,Grading,F,18.5,65.3,1.03133
U4,Small,Grading,L,18,61.6,1.05624
U4,Small,Grading,J,19.3,78.5,1.09194
U4,Small,Grading,J,18.4,63,1.01132
U4,Small,Grading,P,14.4,25,0.83724
U4,Small,Grading,P,17,42.2,0.85895
U4,Small,Grading,E,19.6,75.8,1.0067
U4,Small,Grading,P,18.2,58.4,0.96872
U4,Small,Grading,H,18,56.6,0.97051
U4,Small,Grading,F,19,72.3,1.05409
U4,Small,Grading,N,10.3,10.6,0.97005
U4,Small,Grading,P,17.3,49.9,0.96375
U4,Small,Grading,P,18.4,53.9,0.86524
U4,Small,Grading,P,16,36.8,0.89844
U4,Small,Grading,J,16.3,40.3,0.93056
U4,Small,Grading,L,11.5,9.8,0.64437
U4,Small,Grading,C,9.5,10.2,1.18968
U4,Small,Grading,P,18.7,71.3,1.09035
U4,Small,Grading,C,18.3,61.2,0.99862
U4,Small,Grading,E,17.4,58.5,1.11047
U4,Small,Grading,L,15.9,39.8,0.99013
U4,Small,Grading,O,15.8,39.9,1.01158
U4,Small,Grading,F,17,53.9,1.09709
U4,Small,Grading,L,18,58.5,1.00309
U4,Small,Grading,F,16.5,46,1.02401
U4,Small,Grading,P,13.6,21.1,0.83881
U4,Small,Grading,J,19.3,78.7,1.09472
U4,Small,Grading,A,17.6,56.4,1.03453
U4,Small,Grading,I,18.5,62.2,0.98237
U4,Small,Grading,L,17.8,56.2,0.9965
U4,Small,Grading,I,19.3,73.4,1.021
U4,Small,Grading,F,17.4,54.2,1.02885
U4,Small,Grading,E,17.4,65.7,1.24715
U4,Small,Grading,L,18.6,59.8,0.92931
U4,Small,Grading,O,17.5,49.4,0.92175
U5,Large,Grading,K,21,91,0.98262
U5,Large,Grading,P,18.5,66.1,1.04397
U5,Large,Grading,O,18,63.7,1.09225
U5,Large,Grading,P,17.6,57.2,1.0492
U5,Large,Grading,O,18.4,63.6,1.02095
U5,Large,Grading,G,19.3,74.1,1.03073
U5,Large,Grading,F,19,67.8,0.98848
U5,Large,Grading,E,18.5,64.3,1.01554
U5,Large,Grading,K,20.3,91.9,1.09857
U5,Large,Grading,N,18,56.5,0.96879
U5,Large,Grading,G,18.2,62.2,1.03175
U5,Large,Grading,E,17.6,60.7,1.1134
U5,Large,Grading,N,17.2,53.3,1.04747
U5,Large,Grading,I,17.3,51.8,1.00044
U5,Large,Grading,G,18,62.8,1.07682
U5,Large,Grading,M,20.6,87,0.99522
U5,Large,Grading,C,18,60.6,1.03909
U5,Large,Grading,K,18.6,62.5,0.97127
U5,Large,Grading,M,20.5,89.5,1.03887
U5,Large,Grading,N,18.1,58.2,0.98149
U5,Large,Grading,G,21.4,103.8,1.05915
U5,Large,Grading,H,20.5,100.3,1.16423
U5,Large,Grading,M,18.5,64.6,1.02028
U5,Large,Grading,H,19.2,78.9,1.11474
U5,Large,Grading,O,19,70.3,1.02493
U5,Large,Grading,N,17.4,53.5,1.01556
U5,Large,Grading,I,19.7,80.6,1.05423
U5,Large,Grading,L,18.6,66.3,1.03033
U5,Large,Grading,O,18.3,65.1,1.06225
U5,Large,Grading,H,17.5,58.3,1.08781
U5,Large,Grading,N,18.1,58.3,0.98318
U5,Large,Grading,N,17,48.5,0.98718
U5,Large,Grading,G,17.5,52,0.97026
U5,Large,Grading,G,19.3,74.8,1.04047
U5,Large,Grading,O,18,66,1.13169
U5,Large,Grading,M,20.3,88.9,1.06271
U5,Large,Grading,N,17.5,55.9,1.04303
U5,Large,Grading,O,18.5,62.9,0.99343
U5,Large,Grading,K,19.7,85,1.11178
U5,Large,Grading,H,18.6,64,0.99458
U5,Large,Grading,E,20.5,92.1,1.06905
U5,Large,Grading,P,19.4,65.8,0.9012
U5,Large,Grading,D,18.1,59.2,0.99836
U5,Large,Grading,O,18.2,59.2,0.98199
U5,Large,Grading,O,19.8,79.4,1.02288
U5,Large,Grading,H,19.5,75.3,1.01553
U5,Large,Grading,I,21.4,90.4,0.92242
U5,Large,Grading,E,18.9,71.5,1.05906
U5,Large,Grading,L,19.1,69.5,0.99744
U5,Large,Grading,I,20.3,75.6,0.90372
U5,Large,Grading,M,19.5,86.7,1.16927
U5,Large,Grading,K,18.9,74,1.09609
U5,Large,Grading,K,18.7,66.9,1.02306
U5,Large,Grading,E,18.6,64.3,0.99925
U5,Large,Grading,G,19.4,77.9,1.06692
U5,Large,Grading,G,17.7,55.8,1.00627
U5,Large,Grading,E,19.2,73.5,1.03845
U5,Large,Grading,A,19,65.3,0.95203
U5,Large,Grading,M,18.5,64.6,1.02028
U5,Large,Grading,K,20.4,90.3,1.06365
U5,Large,Grading,O,19.6,80,1.06248
U5,Large,Grading,P,18.9,70.8,1.04869
U5,Large,Grading,G,17.7,58.7,1.05857
U5,Large,Grading,L,18.5,62,0.97921
U5,Large,Grading,C,18.2,63.8,1.05829
U5,Large,Grading,H,17.5,55.9,1.04303
U5,Large,Grading,K,17.8,61,1.08161
U5,Large,Grading,N,16.5,45.3,1.00843
U5,Large,Grading,N,18.4,65.3,1.04824
U5,Large,Grading,M,19.8,82.4,1.06153
U5,Large,Grading,L,18.4,61.7,0.99045
U5,Large,Grading,M,18.3,61.3,1.00025
U5,Large,Grading,G,17.6,58.8,1.07855
U5,Large,Grading,L,19,62.3,0.9083
U5,Large,Grading,N,17.8,57.9,1.02664
U5,Large,Grading,P,18.5,62.9,0.99343
U5,Large,Grading,L,18.7,70.3,1.07505
U5,Large,Grading,K,21,100.3,1.08304
U5,Large,Grading,D,18.8,73.4,1.10464
U5,Large,Grading,I,16.6,51.4,1.12367
U5,Large,Grading,K,20,87.9,1.09875
U5,Large,Grading,D,19.5,73.9,0.99665
U5,Large,Grading,N,17.4,56.5,1.07251
U5,Large,Grading,N,18.5,67.6,1.06766
U5,Large,Grading,I,19.6,82.7,1.09834
U5,Large,Grading,I,19.5,76,1.02497
U5,Large,Grading,N,17.6,54.8,1.00518
U5,Large,Grading,N,16.7,50.1,1.07569
U5,Large,Grading,A,20,84.9,1.06125
U5,Large,Grading,L,19,69.7,1.01618
U5,Large,Grading,K,19.1,86,1.23424
U5,Large,Grading,K,20.4,94.7,1.11547
U5,Large,Grading,H,18.8,74.4,1.11969
U5,Large,Grading,L,16.3,40.4,0.93286
U5,Large,Grading,N,17.3,53.6,1.03521
U5,Large,Grading,G,19.1,70.1,1.00605
U5,Large,Grading,I,19.8,85.5,1.10146
U5,Large,Grading,O,20.8,95.7,1.06346
U5,Large,Grading,N,18.4,61.8,0.99205
U5,Large,Grading,N,17.8,58.2,1.03196
U5,Large,Grading,O,18.6,71.4,1.10958
U5,Large,Grading,I,21,100.4,1.08412
U5,Large,Grading,L,18.7,68.6,1.04906
U5,Large,Grading,I,19.8,68.9,0.88761
U5,Large,Grading,O,19,71.2,1.03805
U5,Large,Grading,P,17.4,54.1,1.02695
U5,Large,Grading,D,20,76.3,0.95375
U5,Large,Grading,L,18.5,60.3,0.95236
U5,Large,Grading,O,19.4,89,1.21895
U5,Large,Grading,O,19,69.3,1.01035
U5,Large,Grading,F,16.5,50.2,1.11751
U5,Large,Grading,P,17,44.2,0.89965
U5,Large,Grading,P,17.6,53.7,0.985
U5,Large,Grading,O,18.2,57.7,0.95711
U5,Large,Grading,O,19.1,68.6,0.98452
U5,Large,Grading,O,18.4,62,0.99526
U5,Large,Grading,J,19.3,67.5,0.93893
U5,Large,Grading,N,18.2,61.3,1.01683
U5,Large,Grading,D,18.4,64.3,1.03218
U5,Large,Grading,A,18.3,63.4,1.03451
U5,Large,Grading,K,20,94.9,1.18625
U5,Large,Grading,O,17.1,49.4,0.98796
U5,Large,Grading,O,17.6,55.6,1.01985
U5,Large,Grading,G,19,70.9,1.03368
U5,Large,Grading,C,18.5,69.6,1.09924
U5,Large,Grading,D,20.3,84.7,1.0125
U5,Large,Grading,O,17,46.4,0.94443
U5,Large,Grading,M,19.7,80.6,1.05423
U5,Large,Grading,D,18.6,67.8,1.05364
U5,Large,Grading,F,18,61.2,1.04938
U5,Large,Grading,H,20,87.5,1.09375
U5,Large,Grading,N,17.2,50.5,0.99244
U5,Large,Grading,K,18.5,65.9,1.04081
U5,Large,Grading,H,18.5,70.3,1.1103
U5,Large,Grading,M,18.2,55.2,0.91564
U5,Large,Grading,M,18.6,65.4,1.01634
U5,Large,Grading,P,18,52.1,0.89335
U5,Large,Grading,A,20.1,90.6,1.11568
U5,Large,Grading,I,19.5,75.9,1.02362
U5,Large,Grading,K,20.5,92,1.06789
U5,Large,Grading,F,20.3,92.4,1.10455
U5,Large,Grading,O,17.1,48.8,0.97596
U5,Large,Grading,O,19.1,69,0.99026
U5,Large,Grading,K,21.7,116.8,1.14305
U5,Large,Grading,G,18,60,1.02881
U5,Large,Grading,O,19.2,76.2,1.07659
U5,Large,Grading,N,19,73.2,1.06721
U5,Large,Grading,E,19.5,77.3,1.0425
U5,Large,Grading,C,19.1,76.2,1.09359
U5,Large,Grading,D,19.5,77,1.03845
U5,Large,Grading,N,21.6,104.3,1.03496
U5,Large,Grading,G,20.3,85.8,1.02565
U5,Large,Grading,M,19.6,79.7,1.0585
U5,Large,Grading,N,18.9,67.8,1.00426
U5,Large,Grading,A,17.5,55.4,1.0337
U5,Large,Grading,O,19.6,77,1.02264
U5,Large,Grading,L,16.4,43.2,0.97938
U5,Large,Grading,D,18.4,58.3,0.93587
U5,Large,Grading,L,18,56.7,0.97222
U5,Large,Grading,J,18.6,78.2,1.21526
U5,Large,Grading,H,20.5,89.8,1.04235
U5,Large,Grading,K,20.3,84.5,1.01011
U5,Large,Grading,L,16.4,42,0.95218
U5,Large,Grading,K,21.2,99.9,1.04847
U5,Large,Grading,K,18.4,67.1,1.07713
U5,Large,Grading,K,18.7,64.5,0.98636
U5,Large,Grading,I,19,72.5,1.05701
U5,Large,Grading,O,18.7,67.9,1.03835
U5,Large,Grading,H,20.6,88.6,1.01352
U5,Large,Grading,L,16.9,45,0.93229
U5,Large,Grading,L,17,50.2,1.02178
U5,Large,Grading,A,19.1,76.9,1.10364
U5,Large,Grading,N,16.6,46.4,1.01436
U5,Large,Grading,N,17.4,52,0.98709
U5,Large,Grading,O,17.1,47.3,0.94596
U5,Large,Grading,I,19.5,76.3,1.02901
U5,Large,Grading,K,19,68,0.9914
U5,Large,Grading,G,18.5,62.8,0.99185
U5,Large,Grading,C,18.1,69.1,1.16531
U5,Large,Grading,A,17.1,56.8,1.13595
U5,Large,Grading,D,19.6,77.9,1.03459
U5,Large,Grading,C,18.7,71.8,1.09799
U5,Large,Grading,N,20,83.7,1.04625
U5,Large,Grading,G,18.1,64.1,1.08099
U5,Large,Grading,N,18.4,69,1.10763
U5,Large,Grading,I,19.9,70,0.88826
U5,Large,Grading,M,19.3,71,0.98761
U5,Large,Grading,N,17.3,55,1.06224
U5,Large,Grading,N,18.7,62.7,0.95883
U5,Large,Grading,G,18.6,61.8,0.96039
U5,Large,Grading,H,21.8,115.3,1.11291
U5,Large,Grading,M,19.2,73.2,1.03421
U5,Large,Grading,H,21.5,108.5,1.09173
U5,Large,Grading,D,11.9,83.1,4.93129